task_id,createtime,creater,updater,his_protection_id,cure_employee_name,name,weight,temperature,discription,eventtime,state,hospital_id,hospital_code,hospital_name,add_employee_name,con_category_name,commodity_name,commodity_brand
,2024-08-18 16:19:06,付医生,,122,付医生,加强免疫,,,加强免疫,2024-08-18 16:19:06,1,1,VrAGvMjLwd,萌宠拾光动物医院,,,,
,2025-07-18 00:00:00,付医生,,122,付医生,加强免疫,,,加强免疫,2025-07-18 00:00:00,0,1,VrAGvMjLwd,萌宠拾光动物医院,,,,
,2024-08-18 16:23:32,付医生,,123,付医生,加强免疫,,,加强免疫,2024-08-18 16:23:32,1,1,VrAGvMjLwd,萌宠拾光动物医院,,,,
,2025-07-18 00:00:00,付医生,,123,付医生,加强免疫,,,加强免疫,2025-07-18 00:00:00,0,1,VrAGvMjLwd,萌宠拾光动物医院,,,,
,2024-06-24 15:08:46,付医生,,117,付医生,加强免疫,,,加强免疫,2024-06-24 15:08:46,1,1,VrAGvMjLwd,萌宠拾光动物医院,,,,
,2025-05-24 00:00:00,付医生,,117,付医生,加强免疫,,,加强免疫,2025-05-24 00:00:00,0,1,VrAGvMjLwd,萌宠拾光动物医院,,,,
,2024-07-05 11:07:07,付医生,,121,付医生,加强免疫,,,加强免疫,2024-07-05 11:07:07,1,1,VrAGvMjLwd,萌宠拾光动物医院,,,,
,2025-06-04 00:00:00,付医生,,121,付医生,加强免疫,,,加强免疫,2025-06-04 00:00:00,0,1,VrAGvMjLwd,萌宠拾光动物医院,,,,
,2024-06-29 09:20:56,付医生,,120,付医生,加强免疫,,,加强免疫,2024-06-29 09:20:56,1,1,VrAGvMjLwd,萌宠拾光动物医院,,,,
,2025-05-29 00:00:00,付医生,,120,付医生,加强免疫,,,加强免疫,2025-05-29 00:00:00,0,1,VrAGvMjLwd,萌宠拾光动物医院,,,,
,2024-06-28 09:37:17,付医生,,119,付医生,加强免疫,,,加强免疫,2024-06-28 09:37:17,1,1,VrAGvMjLwd,萌宠拾光动物医院,,,,
,2025-05-28 00:00:00,付医生,,119,付医生,加强免疫,,,加强免疫,2025-05-28 00:00:00,0,1,VrAGvMjLwd,萌宠拾光动物医院,,,,
,2024-07-16 00:00:00,付医生,,118,付医生,三免,,,基础疫苗三免,2024-07-16 00:00:00,0,1,VrAGvMjLwd,萌宠拾光动物医院,,,,
,2024-07-15 14:54:43,付医生,,116,付医生,二免,,,基础疫苗二免,2024-07-15 14:54:43,0,1,VrAGvMjLwd,萌宠拾光动物医院,,,,
,2024-07-11 09:12:16,付医生,,115,付医生,二免,,,基础疫苗二免,2024-07-11 09:12:16,0,1,VrAGvMjLwd,萌宠拾光动物医院,,,,
,2024-08-01 09:12:16,付医生,,115,付医生,三免,,,基础疫苗三免,2024-08-01 09:12:16,1,1,VrAGvMjLwd,萌宠拾光动物医院,,,,
,2024-07-30 00:00:00,付医生,,44,付医生,第1次,,,体内驱虫第1次,2024-07-30 00:00:00,0,1,VrAGvMjLwd,萌宠拾光动物医院,,,,
,2024-06-20 09:13:08,付医生,,43,付医生,第1次,,,体内驱虫第1次,2024-06-20 09:13:08,0,1,VrAGvMjLwd,萌宠拾光动物医院,付医生,,丽可健0.8ml（猫用）,丽可健
,2023-07-21 17:59:08,刘医生,,112,刘医生,首免,,,基础疫苗首免,2023-07-21 17:59:08,1,1,VrAGvMjLwd,萌宠拾光动物医院,付医生,,妙三多猫疫苗（美国辉瑞）,
,2023-08-18 00:00:00,刘医生,,112,刘医生,二免,,,基础疫苗二免,2023-08-18 00:00:00,0,1,VrAGvMjLwd,萌宠拾光动物医院,,,,
,2023-09-16 00:00:00,刘医生,,112,刘医生,三免,,,基础疫苗三免,2023-09-16 00:00:00,0,1,VrAGvMjLwd,萌宠拾光动物医院,付医生,,宠必威@狂犬苗,
,2023-09-16 00:00:00,刘医生,,112,刘医生,狂犬,,,基础疫苗狂犬,2023-09-16 00:00:00,0,1,VrAGvMjLwd,萌宠拾光动物医院,,,,
,2023-07-13 15:36:52,刘医生,,110,刘医生,加强免疫,,,加强免疫,2023-07-13 15:36:52,1,1,VrAGvMjLwd,萌宠拾光动物医院,付医生,,卫佳捌,硕腾
,2023-07-13 15:36:52,刘医生,,110,刘医生,加强免疫,,,加强免疫,2023-07-13 15:36:52,1,1,VrAGvMjLwd,萌宠拾光动物医院,付医生,,锐必威（狂犬）,默沙东
,2024-06-13 00:00:00,刘医生,,110,刘医生,加强免疫,,,加强免疫,2024-06-13 00:00:00,0,1,VrAGvMjLwd,萌宠拾光动物医院,,,,
,2023-07-05 17:05:43,刘医生,,109,刘医生,首免,,,基础疫苗首免,2023-07-05 17:05:43,1,1,VrAGvMjLwd,萌宠拾光动物医院,付医生,,卫佳伍,硕腾
,2023-07-27 17:05:43,刘医生,,109,刘医生,二免,,,基础疫苗二免,2023-07-27 17:05:43,0,1,VrAGvMjLwd,萌宠拾光动物医院,付医生,,卫佳伍,硕腾
,2023-08-13 17:05:43,刘医生,,109,刘医生,三免,,,基础疫苗三免,2023-08-13 17:05:43,0,1,VrAGvMjLwd,萌宠拾光动物医院,付医生,,卫佳伍,硕腾
,2023-08-13 00:00:00,刘医生,,109,刘医生,狂犬,,,基础疫苗狂犬,2023-08-13 00:00:00,0,1,VrAGvMjLwd,萌宠拾光动物医院,付医生,,宠必威@狂犬苗,
,2023-06-18 13:13:22,刘医生,,106,刘医生,首免,,,基础疫苗首免,2023-06-18 13:13:22,1,1,VrAGvMjLwd,萌宠拾光动物医院,付医生,,妙三多猫疫苗（美国辉瑞）,
,2023-07-16 00:00:00,刘医生,,106,刘医生,二免,,,基础疫苗二免,2023-07-16 00:00:00,0,1,VrAGvMjLwd,萌宠拾光动物医院,付医生,,妙三多猫疫苗（美国辉瑞）,
,2023-08-13 00:00:00,刘医生,,106,刘医生,三免,,,基础疫苗三免,2023-08-13 00:00:00,0,1,VrAGvMjLwd,萌宠拾光动物医院,付医生,,妙三多猫疫苗（美国辉瑞）,
,2023-08-13 00:00:00,刘医生,,106,刘医生,三免,,,基础疫苗三免,2023-08-13 00:00:00,0,1,VrAGvMjLwd,萌宠拾光动物医院,付医生,,美国辉瑞狂犬,
,2023-06-27 00:00:00,刘医生,,107,刘医生,狂犬,,,基础疫苗狂犬,2023-06-27 00:00:00,1,1,VrAGvMjLwd,萌宠拾光动物医院,付医生,,锐必威（狂犬）,默沙东
,2023-06-03 12:55:39,刘医生,,103,刘医生,首免,,,基础疫苗首免,2023-06-03 12:55:39,1,1,VrAGvMjLwd,萌宠拾光动物医院,付医生,疫苗服务,妙三多猫疫苗（美国辉瑞）,
,2023-07-01 00:00:00,刘医生,,103,刘医生,二免,,,基础疫苗二免,2023-07-01 00:00:00,0,1,VrAGvMjLwd,萌宠拾光动物医院,,,,
,2023-07-24 00:00:00,刘医生,,103,刘医生,三免,,,基础疫苗三免,2023-07-24 00:00:00,0,1,VrAGvMjLwd,萌宠拾光动物医院,,,,
,2023-08-01 00:00:00,刘医生,,103,刘医生,狂犬,,,基础疫苗狂犬,2023-08-01 00:00:00,0,1,VrAGvMjLwd,萌宠拾光动物医院,,,,
,2023-05-16 11:32:45,刘医生,,97,刘医生,首免,,,基础疫苗首免,2023-05-16 11:32:45,1,1,VrAGvMjLwd,萌宠拾光动物医院,付医生,,优免康（四联）,默沙东
,2023-06-06 11:32:45,刘医生,,97,刘医生,二免,,,基础疫苗二免,2023-06-06 11:32:45,0,1,VrAGvMjLwd,萌宠拾光动物医院,,,,
,2023-06-27 11:32:45,刘医生,,97,刘医生,三免,,,基础疫苗三免,2023-06-27 11:32:45,0,1,VrAGvMjLwd,萌宠拾光动物医院,,,,
,2023-07-04 00:00:00,刘医生,,97,刘医生,狂犬,,,基础疫苗狂犬,2023-07-04 00:00:00,0,1,VrAGvMjLwd,萌宠拾光动物医院,,,,
,2023-05-18 15:53:00,刘医生,,98,刘医生,首免,,,基础疫苗首免,2023-05-18 15:53:00,1,1,VrAGvMjLwd,萌宠拾光动物医院,付医生,,优免康（四联）,默沙东
,2023-06-15 00:00:00,刘医生,,98,刘医生,二免,,,基础疫苗二免,2023-06-15 00:00:00,0,1,VrAGvMjLwd,萌宠拾光动物医院,,,,
,2023-07-13 00:00:00,刘医生,,98,刘医生,三免,,,基础疫苗三免,2023-07-13 00:00:00,0,1,VrAGvMjLwd,萌宠拾光动物医院,,,,
,2023-08-10 00:00:00,刘医生,,98,刘医生,狂犬,,,基础疫苗狂犬,2023-08-10 00:00:00,0,1,VrAGvMjLwd,萌宠拾光动物医院,,,,
,2023-05-25 17:36:47,刘医生,,101,刘医生,首免,,,基础疫苗首免,2023-05-25 17:36:47,1,1,VrAGvMjLwd,萌宠拾光动物医院,付医生,,卫佳伍疫苗（美国辉瑞）,
,2023-06-15 17:36:47,刘医生,,101,刘医生,二免,,,基础疫苗二免,2023-06-15 17:36:47,0,1,VrAGvMjLwd,萌宠拾光动物医院,,,,
,2023-07-06 17:36:47,刘医生,,101,刘医生,三免,,,基础疫苗三免,2023-07-06 17:36:47,0,1,VrAGvMjLwd,萌宠拾光动物医院,,,,
,2023-07-27 17:36:47,刘医生,,101,刘医生,狂犬,,,基础疫苗狂犬,2023-07-27 17:36:47,0,1,VrAGvMjLwd,萌宠拾光动物医院,,,,
,2023-05-28 00:00:00,刘医生,,102,刘医生,二免,,,基础疫苗二免,2023-05-28 00:00:00,1,1,VrAGvMjLwd,萌宠拾光动物医院,付医生,,妙三多,硕腾
,2023-06-25 00:00:00,刘医生,,102,刘医生,三免,,,基础疫苗三免,2023-06-25 00:00:00,0,1,VrAGvMjLwd,萌宠拾光动物医院,,,,
,2023-07-02 00:00:00,刘医生,,102,刘医生,狂犬,,,基础疫苗狂犬,2023-07-02 00:00:00,0,1,VrAGvMjLwd,萌宠拾光动物医院,,,,
,2023-05-25 14:14:55,刘医生,,41,刘医生,第1次,,,体内驱虫第1次,2023-05-25 14:14:55,1,1,VrAGvMjLwd,萌宠拾光动物医院,付医生,,爱沃克猫用,
,2023-04-29 10:23:53,刘医生,,87,刘医生,首免,,,基础疫苗首免,2023-04-29 10:23:53,0,1,VrAGvMjLwd,萌宠拾光动物医院,付医生,,妙三多,硕腾
,2023-05-20 10:23:53,刘医生,,87,刘医生,二免,,,基础疫苗二免,2023-05-20 10:23:53,0,1,VrAGvMjLwd,萌宠拾光动物医院,,,,
,2023-06-10 10:23:53,刘医生,,87,刘医生,三免,,,基础疫苗三免,2023-06-10 10:23:53,0,1,VrAGvMjLwd,萌宠拾光动物医院,,,,
,2023-07-01 10:23:53,刘医生,,87,刘医生,狂犬,,,基础疫苗狂犬,2023-07-01 10:23:53,0,1,VrAGvMjLwd,萌宠拾光动物医院,,,,
,2023-06-30 17:12:30,刘医生,,86,刘医生,狂犬,,,基础疫苗狂犬,2023-06-30 17:12:30,1,1,VrAGvMjLwd,萌宠拾光动物医院,付医生,,锐必威（狂犬）,默沙东
,2023-05-20 10:39:50,刘医生,,99,刘医生,首免,,,基础疫苗首免,2023-05-20 10:39:50,1,1,VrAGvMjLwd,萌宠拾光动物医院,付医生,,优免康（四联）,默沙东
,2023-06-15 00:00:00,刘医生,,99,刘医生,二免,,,基础疫苗二免,2023-06-15 00:00:00,1,1,VrAGvMjLwd,萌宠拾光动物医院,付医生,疫苗服务,优免康（四联）,默沙东
,2023-07-06 00:00:00,刘医生,,99,刘医生,三免,,,基础疫苗三免,2023-07-06 00:00:00,0,1,VrAGvMjLwd,萌宠拾光动物医院,付医生,疫苗服务,优免康（四联）,默沙东
,2023-07-13 00:00:00,刘医生,,99,刘医生,狂犬,,,基础疫苗狂犬,2023-07-13 00:00:00,0,1,VrAGvMjLwd,萌宠拾光动物医院,付医生,疫苗服务,锐必威（狂犬）,默沙东
,2023-05-04 00:00:00,刘医生,,92,刘医生,三免,,,基础疫苗三免,2023-05-04 00:00:00,1,1,VrAGvMjLwd,萌宠拾光动物医院,付医生,疫苗服务,卫佳伍,硕腾
,2023-05-11 00:00:00,刘医生,,92,刘医生,狂犬,,,基础疫苗狂犬,2023-05-11 00:00:00,1,1,VrAGvMjLwd,萌宠拾光动物医院,付医生,疫苗服务,锐必威（狂犬）,默沙东
,2023-04-23 15:11:56,刘医生,,80,刘医生,首免,,,基础疫苗首免,2023-04-23 15:11:56,1,1,VrAGvMjLwd,萌宠拾光动物医院,付医生,,优免康（四联）,默沙东
,2023-05-14 15:11:56,刘医生,,80,刘医生,二免,,,基础疫苗二免,2023-05-14 15:11:56,0,1,VrAGvMjLwd,萌宠拾光动物医院,,,,
,2023-06-04 15:11:56,刘医生,,80,刘医生,三免,,,基础疫苗三免,2023-06-04 15:11:56,0,1,VrAGvMjLwd,萌宠拾光动物医院,,,,
,2023-06-11 00:00:00,刘医生,,80,刘医生,狂犬,,,基础疫苗狂犬,2023-06-11 00:00:00,0,1,VrAGvMjLwd,萌宠拾光动物医院,,,,
,2023-05-08 00:00:00,刘医生,,94,刘医生,二免,,,基础疫苗二免,2023-05-08 00:00:00,1,1,VrAGvMjLwd,萌宠拾光动物医院,付医生,,妙三多,硕腾
,2023-05-29 00:00:00,刘医生,,94,刘医生,三免,,,基础疫苗三免,2023-05-29 00:00:00,0,1,VrAGvMjLwd,萌宠拾光动物医院,,,,
,2023-06-19 00:00:00,刘医生,,94,刘医生,狂犬,,,基础疫苗狂犬,2023-06-19 00:00:00,0,1,VrAGvMjLwd,萌宠拾光动物医院,,,,
,2023-04-21 15:41:30,刘医生,,79,刘医生,加强免疫,,,加强免疫,2023-04-21 15:41:30,1,1,VrAGvMjLwd,萌宠拾光动物医院,付医生,,卫佳伍,硕腾
,2023-04-21 15:41:30,刘医生,,79,刘医生,加强免疫,,,加强免疫,2023-04-21 15:41:30,1,1,VrAGvMjLwd,萌宠拾光动物医院,付医生,,锐必威（狂犬）,默沙东
,2024-04-20 15:41:30,刘医生,,79,刘医生,加强免疫,,,加强免疫,2024-04-20 15:41:30,0,1,VrAGvMjLwd,萌宠拾光动物医院,,,,
,2023-04-20 13:10:49,刘医生,,32,刘医生,第1次,3.9,,体内外驱虫第1次,2023-04-20 13:10:49,1,1,VrAGvMjLwd,萌宠拾光动物医院,付医生,,汉宠欣0.67ml,汉维宠仕
,2023-04-20 13:10:49,刘医生,,32,刘医生,第1次,3.9,,体内外驱虫第1次,2023-04-20 13:10:49,1,1,VrAGvMjLwd,萌宠拾光动物医院,付医生,,海乐妙56mg,海正
,2023-09-01 15:34:56,刘医生,,114,刘医生,首免,,,基础疫苗首免,2023-09-01 15:34:56,1,1,VrAGvMjLwd,萌宠拾光动物医院,付医生,,妙三多猫疫苗（美国辉瑞）,
,2023-09-28 00:00:00,刘医生,,114,刘医生,二免,,,基础疫苗二免,2023-09-28 00:00:00,0,1,VrAGvMjLwd,萌宠拾光动物医院,付医生,,妙三多猫疫苗（美国辉瑞）,
,2023-10-26 00:00:00,刘医生,,114,刘医生,三免,,,基础疫苗三免,2023-10-26 00:00:00,0,1,VrAGvMjLwd,萌宠拾光动物医院,付医生,,妙三多猫疫苗（美国辉瑞）,
,2023-10-26 00:00:00,刘医生,,114,刘医生,狂犬,,,基础疫苗狂犬,2023-10-26 00:00:00,0,1,VrAGvMjLwd,萌宠拾光动物医院,付医生,,锐必威（狂犬）,默沙东
,2023-04-19 00:00:00,刘医生,,77,刘医生,二免,,,基础疫苗二免,2023-04-19 00:00:00,1,1,VrAGvMjLwd,萌宠拾光动物医院,付医生,,优免康（四联）,默沙东
,2023-05-10 00:00:00,刘医生,,77,刘医生,三免,,,基础疫苗三免,2023-05-10 00:00:00,0,1,VrAGvMjLwd,萌宠拾光动物医院,,,,
,2023-05-17 00:00:00,刘医生,,77,刘医生,狂犬,,,基础疫苗狂犬,2023-05-17 00:00:00,0,1,VrAGvMjLwd,萌宠拾光动物医院,,,,
,2023-05-13 00:00:00,刘医生,,95,刘医生,二免,,,基础疫苗二免,2023-05-13 00:00:00,1,1,VrAGvMjLwd,萌宠拾光动物医院,付医生,,妙三多,硕腾
,2023-06-10 00:00:00,刘医生,,95,刘医生,三免,,,基础疫苗三免,2023-06-10 00:00:00,0,1,VrAGvMjLwd,萌宠拾光动物医院,,,,
,2023-07-17 00:00:00,刘医生,,95,刘医生,狂犬,,,基础疫苗狂犬,2023-07-17 00:00:00,0,1,VrAGvMjLwd,萌宠拾光动物医院,,,,
,2023-04-19 12:25:33,刘医生,,74,刘医生,首免,0.76,,基础疫苗首免,2023-04-19 12:25:33,1,1,VrAGvMjLwd,萌宠拾光动物医院,付医生,,妙三多,硕腾
,2023-05-17 00:00:00,刘医生,,74,刘医生,二免,,,基础疫苗二免,2023-05-17 00:00:00,0,1,VrAGvMjLwd,萌宠拾光动物医院,,,,
,2023-06-14 00:00:00,刘医生,,74,刘医生,三免,,,基础疫苗三免,2023-06-14 00:00:00,0,1,VrAGvMjLwd,萌宠拾光动物医院,,,,
,2023-06-21 00:00:00,刘医生,,74,刘医生,狂犬,,,基础疫苗狂犬,2023-06-21 00:00:00,0,1,VrAGvMjLwd,萌宠拾光动物医院,,,,
,2023-04-19 14:05:45,刘医生,,75,刘医生,加强免疫,,,加强免疫,2023-04-19 14:05:45,1,1,VrAGvMjLwd,萌宠拾光动物医院,付医生,,妙三多,硕腾
,2023-04-19 14:05:45,刘医生,,75,刘医生,加强免疫,,,加强免疫,2023-04-19 14:05:45,1,1,VrAGvMjLwd,萌宠拾光动物医院,付医生,,锐必威（狂犬）,默沙东
,2024-04-18 14:05:45,刘医生,,75,刘医生,加强免疫,,,加强免疫,2024-04-18 14:05:45,1,1,VrAGvMjLwd,萌宠拾光动物医院,,,,
,2023-04-19 14:06:11,刘医生,,76,刘医生,加强免疫,,,加强免疫,2023-04-19 14:06:11,1,1,VrAGvMjLwd,萌宠拾光动物医院,付医生,,优免康（四联）,默沙东
,2023-04-19 14:06:11,刘医生,,76,刘医生,加强免疫,,,加强免疫,2023-04-19 14:06:11,1,1,VrAGvMjLwd,萌宠拾光动物医院,付医生,,锐必威（狂犬）,默沙东
,2024-04-18 14:06:11,刘医生,,76,刘医生,加强免疫,,,加强免疫,2024-04-18 14:06:11,1,1,VrAGvMjLwd,萌宠拾光动物医院,,,,
,2023-05-04 00:00:00,刘医生,,91,刘医生,首免,,,基础疫苗首免,2023-05-04 00:00:00,0,1,VrAGvMjLwd,萌宠拾光动物医院,付医生,,妙三多,硕腾
,2023-05-25 00:00:00,刘医生,,91,刘医生,二免,,,基础疫苗二免,2023-05-25 00:00:00,0,1,VrAGvMjLwd,萌宠拾光动物医院,,,,
,2023-06-15 10:00:05,刘医生,,91,刘医生,三免,,,基础疫苗三免,2023-06-15 10:00:05,0,1,VrAGvMjLwd,萌宠拾光动物医院,,,,
,2023-07-06 10:00:05,刘医生,,91,刘医生,狂犬,,,基础疫苗狂犬,2023-07-06 10:00:05,0,1,VrAGvMjLwd,萌宠拾光动物医院,,,,
,2023-05-04 10:08:04,刘医生,,93,刘医生,首免,,,基础疫苗首免,2023-05-04 10:08:04,1,1,VrAGvMjLwd,萌宠拾光动物医院,付医生,,妙三多,硕腾
,2023-05-25 10:08:04,刘医生,,93,刘医生,二免,,,基础疫苗二免,2023-05-25 10:08:04,0,1,VrAGvMjLwd,萌宠拾光动物医院,,,,
,2023-06-15 10:08:04,刘医生,,93,刘医生,三免,,,基础疫苗三免,2023-06-15 10:08:04,0,1,VrAGvMjLwd,萌宠拾光动物医院,,,,
,2023-07-06 10:08:04,刘医生,,93,刘医生,狂犬,,,基础疫苗狂犬,2023-07-06 10:08:04,0,1,VrAGvMjLwd,萌宠拾光动物医院,,,,
,2023-04-18 12:58:35,刘医生,,73,刘医生,加强免疫,,,加强免疫,2023-04-18 12:58:35,1,1,VrAGvMjLwd,萌宠拾光动物医院,付医生,,妙三多,硕腾
,2023-04-18 12:58:35,刘医生,,73,刘医生,加强免疫,,,加强免疫,2023-04-18 12:58:35,1,1,VrAGvMjLwd,萌宠拾光动物医院,付医生,疫苗服务,锐必威（狂犬）,默沙东
,2024-04-17 12:58:35,刘医生,,73,刘医生,加强免疫,,,加强免疫,2024-04-17 12:58:35,0,1,VrAGvMjLwd,萌宠拾光动物医院,,,,
,2023-05-01 10:02:32,刘医生,,89,刘医生,首免,,,基础疫苗首免,2023-05-01 10:02:32,1,1,VrAGvMjLwd,萌宠拾光动物医院,付医生,,妙三多,硕腾
,2023-05-29 00:00:00,刘医生,,89,刘医生,二免,,,基础疫苗二免,2023-05-29 00:00:00,1,1,VrAGvMjLwd,萌宠拾光动物医院,付医生,疫苗服务,妙三多,硕腾
,2023-07-10 00:00:00,刘医生,,89,刘医生,三免,,,基础疫苗三免,2023-07-10 00:00:00,0,1,VrAGvMjLwd,萌宠拾光动物医院,,,,
,2023-07-17 00:00:00,刘医生,,89,刘医生,狂犬,,,基础疫苗狂犬,2023-07-17 00:00:00,0,1,VrAGvMjLwd,萌宠拾光动物医院,,,,
,2023-04-16 16:29:24,刘医生,,30,刘医生,第1次,,,体内外驱虫第1次,2023-04-16 16:29:24,1,1,VrAGvMjLwd,萌宠拾光动物医院,付医生,,丽可健0.4ml（猫用）,丽可健
,2023-04-16 15:35:57,刘医生,,71,刘医生,加强免疫,,,加强免疫,2023-04-16 15:35:57,1,1,VrAGvMjLwd,萌宠拾光动物医院,付医生,,优免康（四联）,默沙东
,2023-04-16 15:35:57,刘医生,,71,刘医生,加强免疫,,,加强免疫,2023-04-16 15:35:57,1,1,VrAGvMjLwd,萌宠拾光动物医院,付医生,,锐必威（狂犬）,默沙东
,2024-03-16 00:00:00,刘医生,,71,刘医生,加强免疫,,,加强免疫,2024-03-16 00:00:00,0,1,VrAGvMjLwd,萌宠拾光动物医院,,,,
,2023-04-16 00:00:00,刘医生,,70,刘医生,二免,4.85,,基础疫苗二免,2023-04-16 00:00:00,1,1,VrAGvMjLwd,萌宠拾光动物医院,付医生,,优免康（四联）,默沙东
,2023-05-07 00:00:00,刘医生,,70,刘医生,三免,,,基础疫苗三免,2023-05-07 00:00:00,1,1,VrAGvMjLwd,萌宠拾光动物医院,,,,
,2023-05-14 00:00:00,刘医生,,70,刘医生,狂犬,,,基础疫苗狂犬,2023-05-14 00:00:00,0,1,VrAGvMjLwd,萌宠拾光动物医院,,,,
,2023-04-15 15:14:46,刘医生,,69,刘医生,首免,1,,基础疫苗首免,2023-04-15 15:14:46,1,1,VrAGvMjLwd,萌宠拾光动物医院,付医生,,妙三多,硕腾
,2023-05-13 00:00:00,刘医生,,69,刘医生,二免,,,基础疫苗二免,2023-05-13 00:00:00,1,1,VrAGvMjLwd,萌宠拾光动物医院,付医生,疫苗服务,妙三多,硕腾
,2023-06-10 00:00:00,刘医生,,69,刘医生,三免,,,基础疫苗三免,2023-06-10 00:00:00,0,1,VrAGvMjLwd,萌宠拾光动物医院,,,,
,2023-06-17 00:00:00,刘医生,,69,刘医生,狂犬,,,基础疫苗狂犬,2023-06-17 00:00:00,0,1,VrAGvMjLwd,萌宠拾光动物医院,,,,
,2023-03-12 00:00:00,刘医生,,66,刘医生,首免,,,基础疫苗首免,2023-03-12 00:00:00,1,1,VrAGvMjLwd,萌宠拾光动物医院,付医生,,妙三多,硕腾
,2023-04-02 00:00:00,刘医生,,66,刘医生,二免,,,基础疫苗二免,2023-04-02 00:00:00,1,1,VrAGvMjLwd,萌宠拾光动物医院,,,,
,2023-04-23 00:00:00,刘医生,,66,刘医生,三免,,,基础疫苗三免,2023-04-23 00:00:00,1,1,VrAGvMjLwd,萌宠拾光动物医院,,,,
,2023-04-17 10:57:15,刘医生,,31,刘医生,第1次,,,体内驱虫第1次,2023-04-17 10:57:15,0,1,VrAGvMjLwd,萌宠拾光动物医院,付医生,,海乐旺27.5mg,海正
,2023-04-09 00:00:00,刘医生,,64,刘医生,三免,,,基础疫苗三免,2023-04-09 00:00:00,1,1,VrAGvMjLwd,萌宠拾光动物医院,付医生,,优免康（四联）,默沙东
,2023-04-30 00:00:00,刘医生,,64,刘医生,狂犬,,,基础疫苗狂犬,2023-04-30 00:00:00,1,1,VrAGvMjLwd,萌宠拾光动物医院,付医生,疫苗服务,锐必威（狂犬）,默沙东
,2023-04-10 00:00:00,刘医生,,65,刘医生,三免,,,基础疫苗三免,2023-04-10 00:00:00,1,1,VrAGvMjLwd,萌宠拾光动物医院,付医生,,优免康（四联）,默沙东
,2023-04-17 00:00:00,刘医生,,65,刘医生,狂犬,,,基础疫苗狂犬,2023-04-17 00:00:00,1,1,VrAGvMjLwd,萌宠拾光动物医院,付医生,疫苗服务,锐必威（狂犬）,默沙东
,2023-04-09 16:43:01,刘医生,,63,刘医生,首免,5,,基础疫苗首免,2023-04-09 16:43:01,1,1,VrAGvMjLwd,萌宠拾光动物医院,付医生,,优免康（四联）,默沙东
,2023-04-30 16:43:01,刘医生,,63,刘医生,二免,,,基础疫苗二免,2023-04-30 16:43:01,0,1,VrAGvMjLwd,萌宠拾光动物医院,付医生,疫苗服务,优免康（四联）,默沙东
,2023-05-21 16:43:01,刘医生,,63,刘医生,三免,,,基础疫苗三免,2023-05-21 16:43:01,0,1,VrAGvMjLwd,萌宠拾光动物医院,付医生,疫苗服务,优免康（四联）,默沙东
,2023-05-28 00:00:00,刘医生,,63,刘医生,狂犬,,,基础疫苗狂犬,2023-05-28 00:00:00,0,1,VrAGvMjLwd,萌宠拾光动物医院,付医生,疫苗服务,锐必威（狂犬）,默沙东
,2023-04-09 16:10:27,刘医生,,61,刘医生,加强免疫,,,加强免疫,2023-04-09 16:10:27,0,1,VrAGvMjLwd,萌宠拾光动物医院,付医生,,妙三多,硕腾
,2024-03-09 00:00:00,刘医生,,61,刘医生,加强免疫,,,加强免疫,2024-03-09 00:00:00,0,1,VrAGvMjLwd,萌宠拾光动物医院,,,,
,2023-04-09 16:11:27,刘医生,,62,刘医生,加强免疫,,,加强免疫,2023-04-09 16:11:27,1,1,VrAGvMjLwd,萌宠拾光动物医院,付医生,,妙三多,硕腾
,2024-03-08 00:00:00,刘医生,,62,刘医生,加强免疫,,,加强免疫,2024-03-08 00:00:00,0,1,VrAGvMjLwd,萌宠拾光动物医院,,,,
,2023-04-09 14:13:27,刘医生,,60,刘医生,加强免疫,,39,加强免疫,2023-04-09 14:13:27,1,1,VrAGvMjLwd,萌宠拾光动物医院,付医生,,优免康（四联）,默沙东
,2023-04-09 14:13:27,刘医生,,60,刘医生,加强免疫,,39,加强免疫,2023-04-09 14:13:27,1,1,VrAGvMjLwd,萌宠拾光动物医院,付医生,,锐必威（狂犬）,默沙东
,2024-03-09 00:00:00,刘医生,,60,刘医生,加强免疫,,,加强免疫,2024-03-09 00:00:00,0,1,VrAGvMjLwd,萌宠拾光动物医院,,,,
,2023-04-08 15:37:24,刘医生,,59,刘医生,加强免疫,17,,加强免疫,2023-04-08 15:37:24,1,1,VrAGvMjLwd,萌宠拾光动物医院,付医生,,优免康（四联）,默沙东
,2023-04-08 15:37:24,刘医生,,59,刘医生,加强免疫,17,,加强免疫,2023-04-08 15:37:24,1,1,VrAGvMjLwd,萌宠拾光动物医院,付医生,,锐必威（狂犬）,默沙东
,2024-04-07 15:37:24,刘医生,,59,刘医生,加强免疫,,,加强免疫,2024-04-07 15:37:24,0,1,VrAGvMjLwd,萌宠拾光动物医院,,,,
,2023-04-07 16:52:07,刘医生,,25,刘医生,第1次,,,体内驱虫第1次,2023-04-07 16:52:07,0,1,VrAGvMjLwd,萌宠拾光动物医院,付医生,,海乐妙14mg,海正
,2023-04-07 16:52:07,刘医生,,25,刘医生,第1次,,,体内驱虫第1次,2023-04-07 16:52:07,0,1,VrAGvMjLwd,萌宠拾光动物医院,付医生,,汉宠欣0.67ml,汉维宠仕
,2023-04-07 12:48:35,刘医生,,58,刘医生,加强免疫,,38.5,加强免疫,2023-04-07 12:48:35,0,1,VrAGvMjLwd,萌宠拾光动物医院,付医生,,卫佳捌,硕腾
,2023-04-07 12:48:35,刘医生,,58,刘医生,加强免疫,,38.5,加强免疫,2023-04-07 12:48:35,0,1,VrAGvMjLwd,萌宠拾光动物医院,付医生,,锐必威（狂犬）,默沙东
,2024-03-07 00:00:00,刘医生,,58,刘医生,加强免疫,,,加强免疫,2024-03-07 00:00:00,0,1,VrAGvMjLwd,萌宠拾光动物医院,,,,
,2023-04-06 14:04:05,刘医生,,57,刘医生,加强免疫,5,,加强免疫,2023-04-06 14:04:05,1,1,VrAGvMjLwd,萌宠拾光动物医院,付医生,,妙三多,硕腾
,2024-04-05 14:04:05,刘医生,,57,刘医生,加强免疫,,,加强免疫,2024-04-05 14:04:05,0,1,VrAGvMjLwd,萌宠拾光动物医院,,,,
,2023-04-06 00:00:00,刘医生,,56,刘医生,狂犬,3,,基础疫苗狂犬,2023-04-06 00:00:00,0,1,VrAGvMjLwd,萌宠拾光动物医院,付医生,,锐必威（狂犬）,默沙东
,2023-04-12 17:49:14,刘医生,,68,刘医生,加强免疫,,,加强免疫,2023-04-12 17:49:14,0,1,VrAGvMjLwd,萌宠拾光动物医院,付医生,,锐必威（狂犬）,默沙东
,2024-04-11 17:49:14,刘医生,,68,刘医生,加强免疫,,,加强免疫,2024-04-11 17:49:14,0,1,VrAGvMjLwd,萌宠拾光动物医院,,,,
,2023-04-03 12:38:55,刘医生,,53,刘医生,首免,,,基础疫苗首免,2023-04-03 12:38:55,1,1,VrAGvMjLwd,萌宠拾光动物医院,付医生,,优免康（四联）,默沙东
,2023-04-24 12:38:55,刘医生,,53,刘医生,二免,,,基础疫苗二免,2023-04-24 12:38:55,1,1,VrAGvMjLwd,萌宠拾光动物医院,付医生,疫苗服务,优免康（四联）,默沙东
,2023-05-15 12:38:55,刘医生,,53,刘医生,三免,,,基础疫苗三免,2023-05-15 12:38:55,0,1,VrAGvMjLwd,萌宠拾光动物医院,,,,
,2023-05-22 00:00:00,刘医生,,53,刘医生,狂犬,,,基础疫苗狂犬,2023-05-22 00:00:00,0,1,VrAGvMjLwd,萌宠拾光动物医院,,,,
,2023-04-02 00:00:00,刘医生,,52,刘医生,二免,,,基础疫苗二免,2023-04-02 00:00:00,1,1,VrAGvMjLwd,萌宠拾光动物医院,付医生,,卫佳伍,硕腾
,2023-04-23 00:00:00,刘医生,,52,刘医生,三免,,,基础疫苗三免,2023-04-23 00:00:00,1,1,VrAGvMjLwd,萌宠拾光动物医院,付医生,疫苗服务,卫佳伍,硕腾
,2023-05-09 00:00:00,刘医生,,52,刘医生,狂犬,,,基础疫苗狂犬,2023-05-09 00:00:00,0,1,VrAGvMjLwd,萌宠拾光动物医院,,,,
,2023-04-23 15:53:46,刘医生,,81,刘医生,加强免疫,,,加强免疫,2023-04-23 15:53:46,1,1,VrAGvMjLwd,萌宠拾光动物医院,付医生,,锐必威（狂犬）,默沙东
,2024-04-22 15:53:46,刘医生,,81,刘医生,加强免疫,,,加强免疫,2024-04-22 15:53:46,0,1,VrAGvMjLwd,萌宠拾光动物医院,,,,
,2023-04-02 12:31:33,刘医生,,49,刘医生,加强免疫,,,加强免疫,2023-04-02 12:31:33,1,1,VrAGvMjLwd,萌宠拾光动物医院,付医生,,妙三多,硕腾
,2024-04-01 12:31:33,刘医生,,49,刘医生,加强免疫,,,加强免疫,2024-04-01 12:31:33,0,1,VrAGvMjLwd,萌宠拾光动物医院,,,,
,2023-04-05 12:54:22,刘医生,,24,刘医生,第1次,6,,体内外驱虫第1次,2023-04-05 12:54:22,1,1,VrAGvMjLwd,萌宠拾光动物医院,付医生,,海乐旺137.5mg,海正
,2023-04-05 12:54:22,刘医生,,24,刘医生,第1次,6,,体内外驱虫第1次,2023-04-05 12:54:22,1,1,VrAGvMjLwd,萌宠拾光动物医院,付医生,,汉宠欣0.67ml,汉维宠仕
,2023-04-30 16:08:21,刘医生,,34,刘医生,第1次,,,体内驱虫第1次,2023-04-30 16:08:21,0,1,VrAGvMjLwd,萌宠拾光动物医院,付医生,,海乐旺27.5mg,海正
,2023-04-30 16:08:21,刘医生,,34,刘医生,第1次,,,体内驱虫第1次,2023-04-30 16:08:21,0,1,VrAGvMjLwd,萌宠拾光动物医院,付医生,,汉宠欣0.67ml,汉维宠仕
,2023-03-28 00:00:00,刘医生,,46,刘医生,狂犬,3,38.5,基础疫苗狂犬,2023-03-28 00:00:00,1,1,VrAGvMjLwd,萌宠拾光动物医院,付医生,,锐必威（狂犬）,默沙东
,2023-03-31 17:38:52,刘医生,,20,刘医生,第1次,1.6,38.5,体内驱虫第1次,2023-03-31 17:38:52,1,1,VrAGvMjLwd,萌宠拾光动物医院,付医生,,海乐旺27.5mg,海正
,2023-03-28 15:07:00,刘医生,,19,刘医生,第1次,3.3,,体内驱虫第1次,2023-03-28 15:07:00,1,1,VrAGvMjLwd,萌宠拾光动物医院,付医生,,海乐旺27.5mg,海正
,2023-03-28 12:42:01,刘医生,,43,刘医生,加强免疫,,,加强免疫,2023-03-28 12:42:01,0,1,VrAGvMjLwd,萌宠拾光动物医院,付医生,,优免康（四联）,默沙东
,2023-03-28 12:42:01,刘医生,,43,刘医生,加强免疫,,,加强免疫,2023-03-28 12:42:01,0,1,VrAGvMjLwd,萌宠拾光动物医院,付医生,,锐必威（狂犬）,默沙东
,2024-03-27 12:42:01,刘医生,,43,刘医生,加强免疫,,,加强免疫,2024-03-27 12:42:01,0,1,VrAGvMjLwd,萌宠拾光动物医院,,,,
,2023-03-28 00:00:00,刘医生,,42,刘医生,狂犬,,38.5,基础疫苗狂犬,2023-03-28 00:00:00,1,1,VrAGvMjLwd,萌宠拾光动物医院,付医生,,锐必威（狂犬）,默沙东
,2023-03-26 17:49:21,刘医生,,18,刘医生,第1次,33,38.5,体内外驱虫第1次,2023-03-26 17:49:21,1,1,VrAGvMjLwd,萌宠拾光动物医院,付医生,,汉宠欣2.38ml,汉维宠仕
,2023-03-26 17:49:21,刘医生,,18,刘医生,第1次,33,38.5,体内外驱虫第1次,2023-03-26 17:49:21,1,1,VrAGvMjLwd,萌宠拾光动物医院,付医生,,海乐旺137.5mg,海正
,2023-04-18 12:47:59,刘医生,,72,刘医生,加强免疫,,,加强免疫,2023-04-18 12:47:59,1,1,VrAGvMjLwd,萌宠拾光动物医院,付医生,,优免康（四联）,默沙东
,2023-04-18 12:47:59,刘医生,,72,刘医生,加强免疫,,,加强免疫,2023-04-18 12:47:59,1,1,VrAGvMjLwd,萌宠拾光动物医院,付医生,,锐必威（狂犬）,默沙东
,2024-04-17 12:48:00,刘医生,,72,刘医生,加强免疫,,,加强免疫,2024-04-17 12:48:00,1,1,VrAGvMjLwd,萌宠拾光动物医院,,,,
,2023-04-26 15:30:21,刘医生,,33,刘医生,第1次,13,,体外驱虫第1次,2023-04-26 15:30:21,0,1,VrAGvMjLwd,萌宠拾光动物医院,付医生,,汉宠欣1.34ml,汉维宠仕
,2023-03-26 16:53:54,刘医生,,17,刘医生,第1次,14,38.5,体外驱虫第1次,2023-03-26 16:53:54,1,1,VrAGvMjLwd,萌宠拾光动物医院,付医生,,汉宠欣1.34ml,汉维宠仕
,2023-01-29 00:00:00,刘医生,,41,刘医生,首免,,,基础疫苗首免,2023-01-29 00:00:00,1,1,VrAGvMjLwd,萌宠拾光动物医院,,,,
,2023-02-19 00:00:00,刘医生,,41,刘医生,二免,,,基础疫苗二免,2023-02-19 00:00:00,1,1,VrAGvMjLwd,萌宠拾光动物医院,,,,
,2023-03-12 00:00:00,刘医生,,41,刘医生,三免,,,基础疫苗三免,2023-03-12 00:00:00,1,1,VrAGvMjLwd,萌宠拾光动物医院,,,,
,2023-03-26 00:00:00,刘医生,,41,刘医生,狂犬,4.65,38.5,基础疫苗狂犬,2023-03-26 00:00:00,1,1,VrAGvMjLwd,萌宠拾光动物医院,付医生,疫苗服务,锐必威（狂犬）,默沙东
,2023-03-26 14:53:28,刘医生,,16,刘医生,第1次,7,38.5,体外驱虫第1次,2023-03-26 14:53:28,1,1,VrAGvMjLwd,萌宠拾光动物医院,付医生,,汉宠欣0.67ml,汉维宠仕
,2023-03-26 12:11:36,刘医生,,37,刘医生,加强免疫,3.75,38.5,加强免疫,2023-03-26 12:11:36,1,1,VrAGvMjLwd,萌宠拾光动物医院,付医生,,优免康（四联）,默沙东
,2023-03-26 12:11:36,刘医生,,37,刘医生,加强免疫,3.75,38.5,加强免疫,2023-03-26 12:11:36,1,1,VrAGvMjLwd,萌宠拾光动物医院,付医生,,锐必威（狂犬）,默沙东
,2024-03-25 12:11:36,刘医生,,37,刘医生,加强免疫,,,加强免疫,2024-03-25 12:11:36,0,1,VrAGvMjLwd,萌宠拾光动物医院,,,,
,2023-04-16 00:00:00,刘医生,,50,刘医生,狂犬,3.1,,基础疫苗狂犬,2023-04-16 00:00:00,1,1,VrAGvMjLwd,萌宠拾光动物医院,付医生,,锐必威（狂犬）,默沙东
,2023-03-26 00:00:00,刘医生,,36,刘医生,三免,2.9,38.5,基础疫苗三免,2023-03-26 00:00:00,1,1,VrAGvMjLwd,萌宠拾光动物医院,付医生,,优免康（四联）,默沙东
,2023-04-02 00:00:00,刘医生,,36,刘医生,狂犬,,,基础疫苗狂犬,2023-04-02 00:00:00,0,1,VrAGvMjLwd,萌宠拾光动物医院,,,,
,2023-03-26 10:49:46,刘医生,,15,刘医生,第1次,,,体内驱虫第1次,2023-03-26 10:49:46,0,1,VrAGvMjLwd,萌宠拾光动物医院,付医生,,汉宠欣0.67ml,汉维宠仕
,2023-03-26 10:49:46,刘医生,,15,刘医生,第1次,,,体内驱虫第1次,2023-03-26 10:49:46,0,1,VrAGvMjLwd,萌宠拾光动物医院,付医生,,海乐旺137.5mg,海正
,2023-03-25 19:01:59,刘医生,,33,刘医生,加强免疫,,38.5,加强免疫,2023-03-25 19:01:59,1,1,VrAGvMjLwd,萌宠拾光动物医院,付医生,,优免康（四联）,默沙东
,2023-03-25 19:01:59,刘医生,,33,刘医生,加强免疫,,38.5,加强免疫,2023-03-25 19:01:59,1,1,VrAGvMjLwd,萌宠拾光动物医院,付医生,,锐必威（狂犬）,默沙东
,2024-03-24 19:01:59,刘医生,,33,刘医生,加强免疫,,,加强免疫,2024-03-24 19:01:59,0,1,VrAGvMjLwd,萌宠拾光动物医院,,,,
,2023-03-25 19:03:00,刘医生,,34,刘医生,加强免疫,,38.5,加强免疫,2023-03-25 19:03:00,1,1,VrAGvMjLwd,萌宠拾光动物医院,付医生,,优免康（四联）,默沙东
,2023-03-25 19:03:00,刘医生,,34,刘医生,加强免疫,,38.5,加强免疫,2023-03-25 19:03:00,1,1,VrAGvMjLwd,萌宠拾光动物医院,付医生,,锐必威（狂犬）,默沙东
,2024-03-24 19:03:00,刘医生,,34,刘医生,加强免疫,,,加强免疫,2024-03-24 19:03:00,0,1,VrAGvMjLwd,萌宠拾光动物医院,,,,
,2023-03-25 19:03:25,刘医生,,35,刘医生,加强免疫,,38.5,加强免疫,2023-03-25 19:03:25,1,1,VrAGvMjLwd,萌宠拾光动物医院,付医生,,优免康（四联）,默沙东
,2023-03-25 19:03:25,刘医生,,35,刘医生,加强免疫,,38.5,加强免疫,2023-03-25 19:03:25,1,1,VrAGvMjLwd,萌宠拾光动物医院,付医生,,锐必威（狂犬）,默沙东
,2024-03-24 19:03:26,刘医生,,35,刘医生,加强免疫,,,加强免疫,2024-03-24 19:03:26,0,1,VrAGvMjLwd,萌宠拾光动物医院,,,,
,2023-04-02 00:00:00,刘医生,,30,刘医生,狂犬,,,基础疫苗狂犬,2023-04-02 00:00:00,0,1,VrAGvMjLwd,萌宠拾光动物医院,付医生,疫苗服务,锐必威（狂犬）,默沙东
,2023-03-25 00:00:00,刘医生,,29,刘医生,三免,,39,基础疫苗三免,2023-03-25 00:00:00,1,1,VrAGvMjLwd,萌宠拾光动物医院,付医生,,优免康（四联）,默沙东
,2023-03-23 00:00:00,刘医生,,28,刘医生,二免,3,38.8,基础疫苗二免,2023-03-23 00:00:00,1,1,VrAGvMjLwd,萌宠拾光动物医院,付医生,,妙三多,硕腾
,2023-04-20 00:00:00,刘医生,,28,刘医生,三免,,,基础疫苗三免,2023-04-20 00:00:00,0,1,VrAGvMjLwd,萌宠拾光动物医院,,,,
,2023-04-12 13:23:16,刘医生,,28,刘医生,第1次,9,,体内外驱虫第1次,2023-04-12 13:23:16,0,1,VrAGvMjLwd,萌宠拾光动物医院,付医生,,汉宠欣0.67ml,汉维宠仕
,2023-04-12 13:23:16,刘医生,,28,刘医生,第1次,9,,体内外驱虫第1次,2023-04-12 13:23:16,0,1,VrAGvMjLwd,萌宠拾光动物医院,付医生,,海乐旺137.5mg,海正
,2023-06-29 09:16:09,刘医生,,108,刘医生,首免,,,基础疫苗首免,2023-06-29 09:16:09,1,1,VrAGvMjLwd,萌宠拾光动物医院,付医生,,美国辉瑞八联疫苗,
,2023-07-20 09:16:09,刘医生,,108,刘医生,二免,,,基础疫苗二免,2023-07-20 09:16:09,0,1,VrAGvMjLwd,萌宠拾光动物医院,付医生,,美国辉瑞八联疫苗,
,2023-08-10 09:16:09,刘医生,,108,刘医生,三免,,,基础疫苗三免,2023-08-10 09:16:09,0,1,VrAGvMjLwd,萌宠拾光动物医院,付医生,,美国辉瑞八联疫苗,
,2023-08-10 09:16:09,刘医生,,108,刘医生,三免,,,基础疫苗三免,2023-08-10 09:16:09,0,1,VrAGvMjLwd,萌宠拾光动物医院,付医生,,锐必威（狂犬）,默沙东
,2023-04-12 00:00:00,刘医生,,67,刘医生,三免,,,基础疫苗三免,2023-04-12 00:00:00,1,1,VrAGvMjLwd,萌宠拾光动物医院,付医生,,优免康（四联）,默沙东
,2023-04-26 00:00:00,刘医生,,67,刘医生,狂犬,,,基础疫苗狂犬,2023-04-26 00:00:00,0,1,VrAGvMjLwd,萌宠拾光动物医院,,,,
,2023-03-22 00:00:00,刘医生,,27,刘医生,二免,2,39,基础疫苗二免,2023-03-22 00:00:00,1,1,VrAGvMjLwd,萌宠拾光动物医院,付医生,疫苗服务,优免康（四联）,默沙东
,2023-05-03 13:29:48,刘医生,,24,刘医生,三免,4,38.5,基础疫苗三免,2023-05-03 13:29:48,1,1,VrAGvMjLwd,萌宠拾光动物医院,付医生,,妙三多,硕腾
,2023-05-24 13:29:48,刘医生,,24,刘医生,狂犬,,,基础疫苗狂犬,2023-05-24 13:29:48,0,1,VrAGvMjLwd,萌宠拾光动物医院,,,,
,2023-03-22 12:51:28,刘医生,,23,刘医生,首免,2,39.5,基础疫苗首免,2023-03-22 12:51:28,1,1,VrAGvMjLwd,萌宠拾光动物医院,付医生,疫苗服务,妙三多,硕腾
,2023-04-19 12:51:28,刘医生,,23,刘医生,二免,2,39.5,基础疫苗二免,2023-04-19 12:51:28,1,1,VrAGvMjLwd,萌宠拾光动物医院,付医生,疫苗服务,妙三多,硕腾
,2023-05-17 12:51:28,刘医生,,23,刘医生,三免,2,,基础疫苗三免,2023-05-17 12:51:28,1,1,VrAGvMjLwd,萌宠拾光动物医院,付医生,疫苗服务,妙三多,硕腾
,2023-05-24 00:00:00,刘医生,,23,刘医生,狂犬,,,基础疫苗狂犬,2023-05-24 00:00:00,1,1,VrAGvMjLwd,萌宠拾光动物医院,付医生,疫苗服务,优免康（四联）,默沙东
,2023-03-21 00:00:00,刘医生,,21,刘医生,三免,  5,39,基础疫苗三免,2023-03-21 00:00:00,1,1,VrAGvMjLwd,萌宠拾光动物医院,付医生,,英特威优免康,
,2023-04-11 00:00:00,刘医生,,21,刘医生,狂犬,8.5,39.0,基础疫苗狂犬,2023-04-11 00:00:00,1,1,VrAGvMjLwd,萌宠拾光动物医院,付医生,疫苗服务,锐必威（狂犬）,默沙东
,2023-04-01 10:58:34,刘医生,,22,刘医生,第1次,7.7,,体内驱虫第1次,2023-04-01 10:58:34,1,1,VrAGvMjLwd,萌宠拾光动物医院,付医生,,海乐旺137.5mg,海正
,2023-03-19 00:00:00,刘医生,,17,刘医生,狂犬,2.45,38.5,基础疫苗狂犬,2023-03-19 00:00:00,0,1,VrAGvMjLwd,萌宠拾光动物医院,付医生,,锐必威（狂犬）,默沙东
,2023-03-19 09:43:58,刘医生,,15,刘医生,加强免疫,6.65,39.0,加强免疫,2023-03-19 09:43:58,1,1,VrAGvMjLwd,萌宠拾光动物医院,付医生,,锐必威（狂犬）,默沙东
,2023-03-19 09:43:58,刘医生,,15,刘医生,加强免疫,6.65,39.0,加强免疫,2023-03-19 09:43:58,1,1,VrAGvMjLwd,萌宠拾光动物医院,付医生,,妙三多,硕腾
,2023-03-18 00:00:00,刘医生,,14,刘医生,三免,4,39.0,基础疫苗三免,2023-03-18 00:00:00,1,1,VrAGvMjLwd,萌宠拾光动物医院,付医生,,妙三多,硕腾
,2023-04-08 00:00:00,刘医生,,14,刘医生,狂犬,,,基础疫苗狂犬,2023-04-08 00:00:00,0,1,VrAGvMjLwd,萌宠拾光动物医院,,,,
,2023-03-18 14:45:03,刘医生,,13,刘医生,加强免疫,10,38.5,加强免疫,2023-03-18 14:45:03,1,1,VrAGvMjLwd,萌宠拾光动物医院,付医生,,优免康（四联）,默沙东
,2023-03-18 14:45:03,刘医生,,13,刘医生,加强免疫,10,38.5,加强免疫,2023-03-18 14:45:03,1,1,VrAGvMjLwd,萌宠拾光动物医院,付医生,,锐必威（狂犬）,默沙东
,2024-03-17 14:45:04,刘医生,,13,刘医生,加强免疫,,,加强免疫,2024-03-17 14:45:04,1,1,VrAGvMjLwd,萌宠拾光动物医院,,,,
,2023-05-13 17:21:03,刘医生,,39,刘医生,第1次,,,体内驱虫第1次,2023-05-13 17:21:03,1,1,VrAGvMjLwd,萌宠拾光动物医院,付医生,,爱沃克（犬用）0.4ml,拜耳
,2023-03-18 14:01:55,刘医生,,9,刘医生,第1次,4.5,39.0,体内外驱虫第1次,2023-03-18 14:01:55,0,1,VrAGvMjLwd,萌宠拾光动物医院,付医生,,爱沃克（猫用）0.4ml,拜耳
,2023-05-13 17:16:57,刘医生,,38,刘医生,第1次,,,体内驱虫第1次,2023-05-13 17:16:57,1,1,VrAGvMjLwd,萌宠拾光动物医院,付医生,驱虫服务,爱沃克（猫用）0.8ml,拜耳
,2023-03-18 14:03:09,刘医生,,10,刘医生,第1次,3.5,39.0,体内外驱虫第1次,2023-03-18 14:03:09,0,1,VrAGvMjLwd,萌宠拾光动物医院,付医生,,爱沃克（猫用）0.4ml,拜耳
,2023-03-18 13:03:31,刘医生,,7,刘医生,第1次,7,38.5,体内外驱虫第1次,2023-03-18 13:03:31,0,1,VrAGvMjLwd,萌宠拾光动物医院,付医生,,海乐旺137.5mg,海正
,2023-03-18 13:03:31,刘医生,,7,刘医生,第1次,7,38.5,体内外驱虫第1次,2023-03-18 13:03:31,0,1,VrAGvMjLwd,萌宠拾光动物医院,付医生,,汉宠欣0.67ml,汉维宠仕
,2023-03-31 17:41:32,刘医生,,21,刘医生,第1次,10,38.5,体内外驱虫第1次,2023-03-31 17:41:32,1,1,VrAGvMjLwd,萌宠拾光动物医院,付医生,,海乐旺137.5mg,海正
,2023-03-31 17:41:32,刘医生,,21,刘医生,第1次,10,38.5,体内外驱虫第1次,2023-03-31 17:41:32,1,1,VrAGvMjLwd,萌宠拾光动物医院,付医生,,汉宠欣0.67ml,汉维宠仕
,2023-03-18 13:12:04,刘医生,,12,刘医生,加强免疫,6,39.0,加强免疫,2023-03-18 13:12:04,0,1,VrAGvMjLwd,萌宠拾光动物医院,付医生,,妙三多,硕腾
,2024-03-17 13:12:04,刘医生,,12,刘医生,加强免疫,,,加强免疫,2024-03-17 13:12:04,0,1,VrAGvMjLwd,萌宠拾光动物医院,,,,
,2023-03-18 13:11:12,刘医生,,11,刘医生,加强免疫,6,39.0,加强免疫,2023-03-18 13:11:12,1,1,VrAGvMjLwd,萌宠拾光动物医院,付医生,,妙三多,硕腾
,2024-03-17 13:11:12,刘医生,,11,刘医生,加强免疫,,,加强免疫,2024-03-17 13:11:12,0,1,VrAGvMjLwd,萌宠拾光动物医院,,,,
,2023-03-18 13:14:18,刘医生,,8,刘医生,第1次,5,39.0,体内外驱虫第1次,2023-03-18 13:14:18,1,1,VrAGvMjLwd,萌宠拾光动物医院,付医生,,丽可健0.4ml（猫用）,丽可健
,2023-03-18 13:14:18,刘医生,,8,刘医生,第1次,5,39.0,体内外驱虫第1次,2023-03-18 13:14:18,1,1,VrAGvMjLwd,萌宠拾光动物医院,付医生,,海乐妙56mg,海正
,2023-03-19 00:00:00,刘医生,,18,刘医生,三免,1,39.0,基础疫苗三免,2023-03-19 00:00:00,1,1,VrAGvMjLwd,萌宠拾光动物医院,付医生,,妙三多,硕腾
,2023-03-26 00:00:00,刘医生,,18,刘医生,狂犬,,,基础疫苗狂犬,2023-03-26 00:00:00,0,1,VrAGvMjLwd,萌宠拾光动物医院,,,,
,2023-03-18 00:00:00,刘医生,,10,刘医生,三免,2.5,38.5,基础疫苗三免,2023-03-18 00:00:00,1,1,VrAGvMjLwd,萌宠拾光动物医院,付医生,,优免康（四联）,默沙东
,2023-03-25 00:00:00,刘医生,,10,刘医生,狂犬,2.5,38.5,基础疫苗狂犬,2023-03-25 00:00:00,1,1,VrAGvMjLwd,萌宠拾光动物医院,付医生,疫苗服务,锐必威（狂犬）,默沙东
,2023-03-18 11:10:11,刘医生,,9,刘医生,加强免疫,8,38.5,加强免疫,2023-03-18 11:10:11,1,1,VrAGvMjLwd,萌宠拾光动物医院,付医生,,优免康（四联）,默沙东
,2023-03-18 11:10:11,刘医生,,9,刘医生,加强免疫,8,38.5,加强免疫,2023-03-18 11:10:11,1,1,VrAGvMjLwd,萌宠拾光动物医院,付医生,疫苗服务,锐必威（狂犬）,默沙东
,2024-03-25 00:00:00,刘医生,,9,刘医生,加强免疫,,,加强免疫,2024-03-25 00:00:00,0,1,VrAGvMjLwd,萌宠拾光动物医院,,,,
,2023-03-18 11:07:01,刘医生,,8,刘医生,首免,3,38.5,基础疫苗首免,2023-03-18 11:07:01,1,1,VrAGvMjLwd,萌宠拾光动物医院,付医生,,优免康（四联）,默沙东
,2023-04-08 11:07:01,刘医生,,8,刘医生,二免,,,基础疫苗二免,2023-04-08 11:07:01,0,1,VrAGvMjLwd,萌宠拾光动物医院,,,,
,2023-04-29 11:07:01,刘医生,,8,刘医生,三免,,,基础疫苗三免,2023-04-29 11:07:01,0,1,VrAGvMjLwd,萌宠拾光动物医院,,,,
,2023-05-06 00:00:00,刘医生,,8,刘医生,狂犬,,,基础疫苗狂犬,2023-05-06 00:00:00,0,1,VrAGvMjLwd,萌宠拾光动物医院,,,,
,2023-04-05 00:00:00,刘医生,,55,刘医生,二免,2.5,,基础疫苗二免,2023-04-05 00:00:00,1,1,VrAGvMjLwd,萌宠拾光动物医院,付医生,,优免康（四联）,默沙东
,2023-04-26 00:00:00,刘医生,,55,刘医生,三免,,,基础疫苗三免,2023-04-26 00:00:00,0,1,VrAGvMjLwd,萌宠拾光动物医院,,,,
,2023-05-17 00:00:00,刘医生,,55,刘医生,狂犬,,,基础疫苗狂犬,2023-05-17 00:00:00,0,1,VrAGvMjLwd,萌宠拾光动物医院,,,,
,2023-03-17 18:10:03,刘医生,,7,刘医生,首免,1.7,38.5,基础疫苗首免,2023-03-17 18:10:03,0,1,VrAGvMjLwd,萌宠拾光动物医院,付医生,,优免康（四联）,默沙东
,2023-04-07 18:10:03,刘医生,,7,刘医生,二免,,,基础疫苗二免,2023-04-07 18:10:03,0,1,VrAGvMjLwd,萌宠拾光动物医院,,,,
,2023-04-28 18:10:03,刘医生,,7,刘医生,三免,,,基础疫苗三免,2023-04-28 18:10:03,0,1,VrAGvMjLwd,萌宠拾光动物医院,,,,
,2023-05-05 00:00:00,刘医生,,7,刘医生,狂犬,,,基础疫苗狂犬,2023-05-05 00:00:00,0,1,VrAGvMjLwd,萌宠拾光动物医院,,,,
,2023-03-26 00:00:00,刘医生,,40,刘医生,三免,1.5,38.5,基础疫苗三免,2023-03-26 00:00:00,1,1,VrAGvMjLwd,萌宠拾光动物医院,付医生,,优免康（四联）,默沙东
,2023-04-02 00:00:00,刘医生,,40,刘医生,狂犬,,,基础疫苗狂犬,2023-04-02 00:00:00,1,1,VrAGvMjLwd,萌宠拾光动物医院,付医生,疫苗服务,锐必威（狂犬）,默沙东
,2023-03-17 16:17:15,刘医生,,6,刘医生,第1次,,,体内外驱虫第1次,2023-03-17 16:17:15,0,1,VrAGvMjLwd,萌宠拾光动物医院,付医生,,爱沃克（猫用）0.4ml,拜耳
,2023-03-17 10:38:44,刘医生,,6,刘医生,加强免疫,,,加强免疫,2023-03-17 10:38:44,0,1,VrAGvMjLwd,萌宠拾光动物医院,付医生,,优免康（四联）,默沙东
,2023-03-17 10:38:44,刘医生,,6,刘医生,加强免疫,,,加强免疫,2023-03-17 10:38:44,0,1,VrAGvMjLwd,萌宠拾光动物医院,付医生,,锐必威（狂犬）,默沙东
,2024-03-16 10:38:44,刘医生,,6,刘医生,加强免疫,,,加强免疫,2024-03-16 10:38:44,0,1,VrAGvMjLwd,萌宠拾光动物医院,,,,
,2023-03-23 10:39:41,刘医生,,13,刘医生,第1次,2.65,39.0,体内外驱虫第1次,2023-03-23 10:39:41,1,1,VrAGvMjLwd,萌宠拾光动物医院,付医生,,爱沃克（猫用）0.4ml,拜耳
,2023-04-02 14:50:02,刘医生,,23,刘医生,第1次,5,,体内驱虫第1次,2023-04-02 14:50:02,1,1,VrAGvMjLwd,萌宠拾光动物医院,付医生,,海乐旺27.5mg,海正
,2023-03-15 00:00:00,刘医生,,19,刘医生,加强免疫,25.2,38.5,加强免疫,2023-03-15 00:00:00,1,1,VrAGvMjLwd,萌宠拾光动物医院,付医生,,卫佳捌,硕腾
,2023-03-15 00:00:00,刘医生,,19,刘医生,加强免疫,25.2,38.5,加强免疫,2023-03-15 00:00:00,1,1,VrAGvMjLwd,萌宠拾光动物医院,付医生,,锐必威（狂犬）,默沙东
,2023-03-19 14:26:40,刘医生,,12,刘医生,第1次,25.2,38.5,体内外驱虫第1次,2023-03-19 14:26:40,1,1,VrAGvMjLwd,萌宠拾光动物医院,付医生,,汉宠欣2.38ml,汉维宠仕
,2023-03-19 14:26:40,刘医生,,12,刘医生,第1次,25.2,38.5,体内外驱虫第1次,2023-03-19 14:26:40,1,1,VrAGvMjLwd,萌宠拾光动物医院,付医生,,海乐旺137.5mg,海正
,2023-05-17 11:03:35,刘医生,,40,刘医生,第1次,,,体内驱虫第1次,2023-05-17 11:03:35,0,1,VrAGvMjLwd,萌宠拾光动物医院,付医生,,海乐旺137.5mg,海正
,2023-05-01 11:11:40,刘医生,,90,刘医生,首免,,,基础疫苗首免,2023-05-01 11:11:40,1,1,VrAGvMjLwd,萌宠拾光动物医院,付医生,,卫佳伍,硕腾
,2023-05-22 11:11:40,刘医生,,90,刘医生,二免,,,基础疫苗二免,2023-05-22 11:11:40,1,1,VrAGvMjLwd,萌宠拾光动物医院,付医生,疫苗服务,卫佳伍,硕腾
,2023-06-12 11:11:40,刘医生,,90,刘医生,三免,,,基础疫苗三免,2023-06-12 11:11:40,0,1,VrAGvMjLwd,萌宠拾光动物医院,付医生,疫苗服务,卫佳伍,硕腾
,2023-06-19 00:00:00,刘医生,,90,刘医生,狂犬,,,基础疫苗狂犬,2023-06-19 00:00:00,0,1,VrAGvMjLwd,萌宠拾光动物医院,付医生,疫苗服务,锐必威（狂犬）,默沙东
,2023-03-08 15:35:37,刘医生,,44,刘医生,首免,,,基础疫苗首免,2023-03-08 15:35:37,1,1,VrAGvMjLwd,萌宠拾光动物医院,,,,
,2023-03-29 15:35:37,刘医生,,44,刘医生,二免,,,基础疫苗二免,2023-03-29 15:35:37,1,1,VrAGvMjLwd,萌宠拾光动物医院,付医生,疫苗服务,优免康（四联）,默沙东
,2023-04-19 15:35:37,刘医生,,44,刘医生,三免,,,基础疫苗三免,2023-04-19 15:35:37,1,1,VrAGvMjLwd,萌宠拾光动物医院,付医生,疫苗服务,优免康（四联）,默沙东
,2023-04-26 00:00:00,刘医生,,44,刘医生,狂犬,,,基础疫苗狂犬,2023-04-26 00:00:00,1,1,VrAGvMjLwd,萌宠拾光动物医院,付医生,疫苗服务,锐必威（狂犬）,默沙东
,2023-03-12 15:57:24,刘医生,,4,刘医生,首免,,,基础疫苗首免,2023-03-12 15:57:24,1,1,VrAGvMjLwd,萌宠拾光动物医院,付医生,,妙三多,硕腾
,2023-04-09 00:00:00,刘医生,,4,刘医生,二免,,,基础疫苗二免,2023-04-09 00:00:00,0,1,VrAGvMjLwd,萌宠拾光动物医院,,,,
,2023-05-07 00:00:00,刘医生,,4,刘医生,三免,,,基础疫苗三免,2023-05-07 00:00:00,0,1,VrAGvMjLwd,萌宠拾光动物医院,,,,
,2023-05-20 00:00:00,刘医生,,100,刘医生,三免,,,基础疫苗三免,2023-05-20 00:00:00,1,1,VrAGvMjLwd,萌宠拾光动物医院,付医生,,妙三多,硕腾
,2023-05-27 00:00:00,刘医生,,100,刘医生,狂犬,,,基础疫苗狂犬,2023-05-27 00:00:00,1,1,VrAGvMjLwd,萌宠拾光动物医院,付医生,疫苗服务,锐必威（狂犬）,默沙东
,2023-03-12 09:57:11,刘医生,,3,刘医生,加强免疫,,,加强免疫,2023-03-12 09:57:11,0,1,VrAGvMjLwd,萌宠拾光动物医院,付医生,,优免康（四联）,默沙东
,2023-03-12 09:57:11,刘医生,,3,刘医生,加强免疫,,,加强免疫,2023-03-12 09:57:11,0,1,VrAGvMjLwd,萌宠拾光动物医院,付医生,,锐必威（狂犬）,默沙东
,2024-03-11 09:57:12,刘医生,,3,刘医生,加强免疫,,,加强免疫,2024-03-11 09:57:12,0,1,VrAGvMjLwd,萌宠拾光动物医院,,,,
,2023-05-13 00:00:00,刘医生,,96,刘医生,三免,,,基础疫苗三免,2023-05-13 00:00:00,1,1,VrAGvMjLwd,萌宠拾光动物医院,付医生,,妙三多,硕腾
,2023-06-03 00:00:00,刘医生,,96,刘医生,狂犬,,,基础疫苗狂犬,2023-06-03 00:00:00,0,1,VrAGvMjLwd,萌宠拾光动物医院,,,,
,2023-04-27 09:53:24,刘医生,,82,刘医生,加强免疫,,,加强免疫,2023-04-27 09:53:24,1,1,VrAGvMjLwd,萌宠拾光动物医院,付医生,,卫佳捌,硕腾
,2023-04-27 09:53:24,刘医生,,82,刘医生,加强免疫,,,加强免疫,2023-04-27 09:53:24,1,1,VrAGvMjLwd,萌宠拾光动物医院,付医生,,锐必威（狂犬）,默沙东
,2024-04-26 09:53:24,刘医生,,82,刘医生,加强免疫,,,加强免疫,2024-04-26 09:53:24,0,1,VrAGvMjLwd,萌宠拾光动物医院,,,,
,2023-04-27 09:55:05,刘医生,,83,刘医生,加强免疫,,,加强免疫,2023-04-27 09:55:05,1,1,VrAGvMjLwd,萌宠拾光动物医院,付医生,,卫佳捌,硕腾
,2023-04-27 09:55:05,刘医生,,83,刘医生,加强免疫,,,加强免疫,2023-04-27 09:55:05,1,1,VrAGvMjLwd,萌宠拾光动物医院,付医生,,锐必威（狂犬）,默沙东
,2024-04-26 09:55:05,刘医生,,83,刘医生,加强免疫,,,加强免疫,2024-04-26 09:55:05,0,1,VrAGvMjLwd,萌宠拾光动物医院,,,,
,2023-03-11 11:04:44,刘医生,,1,刘医生,加强免疫,,,加强免疫,2023-03-11 11:04:44,0,1,VrAGvMjLwd,萌宠拾光动物医院,付医生,,卫佳伍,硕腾
,2023-03-11 11:04:44,刘医生,,1,刘医生,加强免疫,,,加强免疫,2023-03-11 11:04:44,0,1,VrAGvMjLwd,萌宠拾光动物医院,付医生,,锐必威（狂犬）,默沙东
,2024-03-10 11:04:44,刘医生,,1,刘医生,加强免疫,50,38.5,加强免疫,2024-03-10 11:04:44,0,1,VrAGvMjLwd,萌宠拾光动物医院,,,,
,2023-03-26 00:00:00,刘医生,,38,刘医生,三免,2,38.8,基础疫苗三免,2023-03-26 00:00:00,1,1,VrAGvMjLwd,萌宠拾光动物医院,付医生,,妙三多,硕腾
,2023-04-02 00:00:00,刘医生,,38,刘医生,狂犬,1.8,,基础疫苗狂犬,2023-04-02 00:00:00,1,1,VrAGvMjLwd,萌宠拾光动物医院,付医生,疫苗服务,锐必威（狂犬）,默沙东
,2023-03-10 11:15:56,刘医生,,5,刘医生,第1次,,,体外驱虫第1次,2023-03-10 11:15:56,0,1,VrAGvMjLwd,萌宠拾光动物医院,付医生,,汉宠欣0.67ml,汉维宠仕
,2023-03-25 13:30:54,刘医生,,31,刘医生,首免,5,38.5,基础疫苗首免,2023-03-25 13:30:54,1,1,VrAGvMjLwd,萌宠拾光动物医院,付医生,,优免康（四联）,默沙东
,2023-04-15 13:30:54,刘医生,,31,刘医生,二免,,,基础疫苗二免,2023-04-15 13:30:54,1,1,VrAGvMjLwd,萌宠拾光动物医院,付医生,疫苗服务,优免康（四联）,默沙东
,2023-05-06 13:30:54,刘医生,,31,刘医生,三免,,,基础疫苗三免,2023-05-06 13:30:54,1,1,VrAGvMjLwd,萌宠拾光动物医院,付医生,疫苗服务,优免康（四联）,默沙东
,2023-05-13 00:00:00,刘医生,,31,刘医生,狂犬,,,基础疫苗狂犬,2023-05-13 00:00:00,0,1,VrAGvMjLwd,萌宠拾光动物医院,付医生,疫苗服务,锐必威（狂犬）,默沙东
,2023-03-25 13:32:10,刘医生,,32,刘医生,首免,4.5,38.5,基础疫苗首免,2023-03-25 13:32:10,1,1,VrAGvMjLwd,萌宠拾光动物医院,付医生,,优免康（四联）,默沙东
,2023-04-19 13:32:10,刘医生,,32,刘医生,二免,,,基础疫苗二免,2023-04-19 13:32:10,1,1,VrAGvMjLwd,萌宠拾光动物医院,付医生,疫苗服务,优免康（四联）,默沙东
,2023-05-10 13:32:10,刘医生,,32,刘医生,三免,,,基础疫苗三免,2023-05-10 13:32:10,1,1,VrAGvMjLwd,萌宠拾光动物医院,付医生,疫苗服务,优免康（四联）,默沙东
,2023-05-17 00:00:00,刘医生,,32,刘医生,狂犬,,,基础疫苗狂犬,2023-05-17 00:00:00,0,1,VrAGvMjLwd,萌宠拾光动物医院,付医生,疫苗服务,锐必威（狂犬）,默沙东
,2023-03-29 00:00:00,刘医生,,45,刘医生,二免,,,基础疫苗二免,2023-03-29 00:00:00,1,1,VrAGvMjLwd,萌宠拾光动物医院,付医生,,优免康（四联）,默沙东
,2023-04-15 00:00:00,刘医生,,45,刘医生,三免,,,基础疫苗三免,2023-04-15 00:00:00,1,1,VrAGvMjLwd,萌宠拾光动物医院,付医生,疫苗服务,优免康（四联）,默沙东
,2023-04-22 00:00:00,刘医生,,45,刘医生,狂犬,,,基础疫苗狂犬,2023-04-22 00:00:00,0,1,VrAGvMjLwd,萌宠拾光动物医院,,,,
,2023-06-13 14:06:32,刘医生,,104,刘医生,加强免疫,,,加强免疫,2023-06-13 14:06:32,0,1,VrAGvMjLwd,萌宠拾光动物医院,付医生,,优免康（四联）,默沙东
,2023-06-13 14:06:32,刘医生,,104,刘医生,加强免疫,,,加强免疫,2023-06-13 14:06:32,0,1,VrAGvMjLwd,萌宠拾光动物医院,付医生,,锐必威（狂犬）,默沙东
,2024-05-13 00:00:00,刘医生,,104,刘医生,加强免疫,,,加强免疫,2024-05-13 00:00:00,0,1,VrAGvMjLwd,萌宠拾光动物医院,,,,
,2023-03-14 14:22:23,刘医生,,5,刘医生,首免,,39.0,基础疫苗首免,2023-03-14 14:22:23,1,1,VrAGvMjLwd,萌宠拾光动物医院,付医生,,优免康（四联）,默沙东
,2023-04-04 14:22:23,刘医生,,5,刘医生,二免,,,基础疫苗二免,2023-04-04 14:22:23,0,1,VrAGvMjLwd,萌宠拾光动物医院,,,,
,2023-04-25 14:22:23,刘医生,,5,刘医生,三免,,,基础疫苗三免,2023-04-25 14:22:23,0,1,VrAGvMjLwd,萌宠拾光动物医院,,,,
,2023-05-02 00:00:00,刘医生,,5,刘医生,狂犬,,,基础疫苗狂犬,2023-05-02 00:00:00,0,1,VrAGvMjLwd,萌宠拾光动物医院,,,,
,2023-02-26 17:51:13,刘医生,,2,刘医生,第1次,,,体外驱虫第1次,2023-02-26 17:51:13,0,1,VrAGvMjLwd,萌宠拾光动物医院,付医生,,汉宠欣0.67ml,汉维宠仕
,2023-04-20 00:00:00,刘医生,,78,刘医生,狂犬,,,基础疫苗狂犬,2023-04-20 00:00:00,0,1,VrAGvMjLwd,萌宠拾光动物医院,付医生,,锐必威（狂犬）,默沙东
,2023-04-05 00:00:00,刘医生,,54,刘医生,三免,,,基础疫苗三免,2023-04-05 00:00:00,1,1,VrAGvMjLwd,萌宠拾光动物医院,付医生,,优免康（四联）,默沙东
,2023-04-12 00:00:00,刘医生,,54,刘医生,狂犬,,,基础疫苗狂犬,2023-04-12 00:00:00,0,1,VrAGvMjLwd,萌宠拾光动物医院,,,,
,2023-04-10 16:31:28,刘医生,,27,刘医生,第1次,,,体内驱虫第1次,2023-04-10 16:31:28,1,1,VrAGvMjLwd,萌宠拾光动物医院,付医生,,海乐旺137.5mg,海正
,2023-04-10 16:31:28,刘医生,,27,刘医生,第1次,,,体内驱虫第1次,2023-04-10 16:31:28,1,1,VrAGvMjLwd,萌宠拾光动物医院,付医生,,汉宠欣2.38ml,汉维宠仕
,2023-03-14 00:00:00,刘医生,,39,刘医生,二免,2,38.8,基础疫苗二免,2023-03-14 00:00:00,1,1,VrAGvMjLwd,萌宠拾光动物医院,付医生,,妙三多,硕腾
,2023-04-23 00:00:00,刘医生,,39,刘医生,三免,,,基础疫苗三免,2023-04-23 00:00:00,1,1,VrAGvMjLwd,萌宠拾光动物医院,付医生,疫苗服务,妙三多,硕腾
,2023-05-07 00:00:00,刘医生,,39,刘医生,狂犬,,,基础疫苗狂犬,2023-05-07 00:00:00,0,1,VrAGvMjLwd,萌宠拾光动物医院,,,,
,2023-03-05 15:19:35,刘医生,,4,刘医生,第1次,,,体内外驱虫第1次,2023-03-05 15:19:35,0,1,VrAGvMjLwd,萌宠拾光动物医院,付医生,,爱沃克（猫用）0.4ml,拜耳
,2023-04-01 17:01:33,刘医生,,47,刘医生,加强免疫,,,加强免疫,2023-04-01 17:01:33,1,1,VrAGvMjLwd,萌宠拾光动物医院,付医生,,锐必威（狂犬）,默沙东
,2023-04-01 17:01:33,刘医生,,47,刘医生,加强免疫,,,加强免疫,2023-04-01 17:01:33,1,1,VrAGvMjLwd,萌宠拾光动物医院,付医生,,卫佳捌,硕腾
,2024-03-31 17:01:34,刘医生,,47,刘医生,加强免疫,,,加强免疫,2024-03-31 17:01:34,1,1,VrAGvMjLwd,萌宠拾光动物医院,,,,
,2023-05-05 09:30:23,刘医生,,35,刘医生,第1次,,,体内驱虫第1次,2023-05-05 09:30:23,0,1,VrAGvMjLwd,萌宠拾光动物医院,付医生,,汉宠欣0.67ml,汉维宠仕
,2023-05-05 09:30:23,刘医生,,35,刘医生,第1次,,,体内驱虫第1次,2023-05-05 09:30:23,0,1,VrAGvMjLwd,萌宠拾光动物医院,付医生,,海乐旺27.5mg,海正
,2023-04-15 13:38:00,刘医生,,29,刘医生,第1次,,,体外驱虫第1次,2023-04-15 13:38:00,1,1,VrAGvMjLwd,萌宠拾光动物医院,付医生,,汉宠欣0.67ml,汉维宠仕
,2023-03-19 12:30:11,刘医生,,11,刘医生,第1次,3.7,38.5,体外驱虫第1次,2023-03-19 12:30:11,1,1,VrAGvMjLwd,萌宠拾光动物医院,付医生,,汉宠欣0.67ml,汉维宠仕
,2023-04-10 15:05:57,刘医生,,26,刘医生,第1次,,,体内驱虫第1次,2023-04-10 15:05:57,0,1,VrAGvMjLwd,萌宠拾光动物医院,付医生,,汉宠欣1.34ml,汉维宠仕
,2023-04-28 15:24:23,刘医生,,85,刘医生,狂犬,,,基础疫苗狂犬,2023-04-28 15:24:23,0,1,VrAGvMjLwd,萌宠拾光动物医院,付医生,,锐必威（狂犬）,默沙东
,2023-04-02 00:00:00,刘医生,,48,刘医生,三免,2.15,,基础疫苗三免,2023-04-02 00:00:00,1,1,VrAGvMjLwd,萌宠拾光动物医院,付医生,,妙三多,硕腾
,2023-04-13 00:00:00,刘医生,,48,刘医生,狂犬,,,基础疫苗狂犬,2023-04-13 00:00:00,1,1,VrAGvMjLwd,萌宠拾光动物医院,付医生,疫苗服务,锐必威（狂犬）,默沙东
,2023-02-18 00:00:00,刘医生,,51,刘医生,首免,,,基础疫苗首免,2023-02-18 00:00:00,0,1,VrAGvMjLwd,萌宠拾光动物医院,,,,
,2023-04-02 00:00:00,刘医生,,51,刘医生,二免,,,基础疫苗二免,2023-04-02 00:00:00,0,1,VrAGvMjLwd,萌宠拾光动物医院,付医生,疫苗服务,妙三多,硕腾
,2023-04-30 00:00:00,刘医生,,51,刘医生,三免,,,基础疫苗三免,2023-04-30 00:00:00,0,1,VrAGvMjLwd,萌宠拾光动物医院,,,,
,2023-05-07 00:00:00,刘医生,,51,刘医生,狂犬,,,基础疫苗狂犬,2023-05-07 00:00:00,0,1,VrAGvMjLwd,萌宠拾光动物医院,,,,
,2023-03-19 00:00:00,刘医生,,20,刘医生,狂犬,2,39.0,基础疫苗狂犬,2023-03-19 00:00:00,1,1,VrAGvMjLwd,萌宠拾光动物医院,付医生,,宠必威@狂犬苗,
,2023-05-25 17:51:03,刘医生,,42,刘医生,第1次,,,体内驱虫第1次,2023-05-25 17:51:03,0,1,VrAGvMjLwd,萌宠拾光动物医院,付医生,,汉宠欣0.67ml,汉维宠仕
,2023-05-25 17:51:03,刘医生,,42,刘医生,第1次,,,体内驱虫第1次,2023-05-25 17:51:03,0,1,VrAGvMjLwd,萌宠拾光动物医院,付医生,,海乐妙14mg,海正
,2023-03-25 17:35:17,刘医生,,14,刘医生,第1次,1.9,38.8,体内外驱虫第1次,2023-03-25 17:35:17,0,1,VrAGvMjLwd,萌宠拾光动物医院,付医生,,海乐妙14mg,海正
,2023-03-25 17:35:17,刘医生,,14,刘医生,第1次,1.9,38.8,体内外驱虫第1次,2023-03-25 17:35:17,0,1,VrAGvMjLwd,萌宠拾光动物医院,付医生,,汉宠欣0.67ml,汉维宠仕
,2023-02-19 00:00:00,刘医生,,16,刘医生,首免,,,基础疫苗首免,2023-02-19 00:00:00,1,1,VrAGvMjLwd,萌宠拾光动物医院,付医生,,妙三多,硕腾
,2023-03-19 00:00:00,刘医生,,16,刘医生,二免,1.3,39.0,基础疫苗二免,2023-03-19 00:00:00,1,1,VrAGvMjLwd,萌宠拾光动物医院,,,,
,2023-04-16 00:00:00,刘医生,,16,刘医生,三免,,,基础疫苗三免,2023-04-16 00:00:00,1,1,VrAGvMjLwd,萌宠拾光动物医院,付医生,疫苗服务,妙三多,硕腾
,2023-04-23 00:00:00,刘医生,,16,刘医生,狂犬,,,基础疫苗狂犬,2023-04-23 00:00:00,0,1,VrAGvMjLwd,萌宠拾光动物医院,,,,
,2023-05-13 09:47:03,刘医生,,36,刘医生,第1次,,,体内驱虫第1次,2023-05-13 09:47:03,1,1,VrAGvMjLwd,萌宠拾光动物医院,付医生,,汉宠欣0.67ml,汉维宠仕
,2023-06-12 09:47:08,刘医生,,37,刘医生,第2次,,,体内驱虫第2次,2023-06-12 09:47:08,1,1,VrAGvMjLwd,萌宠拾光动物医院,付医生,,海乐妙14mg,海正
,2023-03-04 10:21:10,刘医生,,3,刘医生,第1次,,,体内驱虫第1次,2023-03-04 10:21:10,0,1,VrAGvMjLwd,萌宠拾光动物医院,付医生,,海乐妙14mg,海正
